station_name,station_lat,station_lon,station_osm_id
Vasai Road,19.3826676,72.8320245,30518283
Naigaon,19.3510925,72.8465229,30518292
Bhayandar,19.3101847,72.8526988,30518297
Kharbhav,19.298321,72.9844677,30518361
Ranjangaon Road,18.8781663,74.6067124,30519796
Palghar,19.6978882,72.7718888,30520640
Bhivandi Road,19.2688735,73.0463121,213017960
Dahisar,19.2493572,72.8596302,213030669
Santa Cruz,19.0815223,72.8417565,213030714
Thane,19.186483,72.9757664,246582717
Ambivli,19.2682913,73.1722459,276561422
Titwala,19.2963827,73.2030656,276561622
Khadavli,19.356724,73.2190375,276561755
Vithalwadi,19.2284195,73.1491076,276562459
Ambarnath,19.2100605,73.1846877,276562803
Badlapur,19.1666237,73.2389064,276563224
Lonavala,18.7503694,73.4069436,276569986
Ajni,21.1269226,79.0825751,297649087
Badnera Junction,20.8570611,77.7321821,298616683
Kaotha,20.7373659,78.3773822,298620871
Kanhan Junction,21.224885,79.2368087,298665222
Itwari Junction,21.1575034,79.1188261,305221832
Tumsar Road Junction,21.3421773,79.7511434,305232115
Pune Junction,18.5288773,73.8744146,343304315
Khar Road,19.0682411,72.8400412,347138797
Chikhale,18.9737547,73.151941,386483233
Malavli,18.7442145,73.4801637,506280911
Chiplun,17.5423529,73.522233,506820143
Khed,17.7125696,73.4106638,506820192
Apta,18.8637081,73.1532989,506820481
Vaitarna,19.5186517,72.8499772,529961817
Saphale,19.5771316,72.8218812,529961821
Khandala,18.7548469,73.3767092,533754608
Roha,18.44658,73.1238722,571749457
Jalgaon Junction,21.0179798,75.5632539,606355995
Kalva,19.1952243,72.9963331,619119023
Kanjur Marg,19.1286526,72.9280394,619992025
Vidyavihar,19.0795422,72.8971169,620013256
Lower Parel,18.99568,72.8302756,621911847
Diva Junction,19.1887564,73.0414169,630743879
Grant Road,18.9633549,72.8158261,631579580
Chembur,19.0612128,72.8975909,632337506
Bhakti Park,19.028972,72.8775722,632340589
Wadala Depot,19.0388244,72.8740249,632342238
Karjat,18.9099653,73.3209629,632358105
Miraj Junction,16.8186596,74.6397627,654162249
Bhavani Nagar,17.1569206,74.3133283,654163114
Takari,17.1330025,74.3582285,654163137
Shirvade,17.3608896,74.1577118,654165845
Targaon,17.5143166,74.1562096,654165893
Karad,17.3096343,74.2168653,654165911
Satara,17.6883359,74.0631835,654165958
Neral Junction,19.0274308,73.3184369,658495933
Latur Railway Station,18.4294563,76.5557973,660147566
Solapur,17.6645286,75.8934941,672647191
Palasdhari,18.884354,73.3208133,678727741
Kasarwadi,18.6080927,73.8208678,691259390
Sewri,18.9987796,72.8544218,700886180
Cotton Green,18.9871866,72.8438965,700886403
Shri Chatrapati Shahu Maharaj Terminus,16.7027362,74.2376798,713156473
Akola,20.7227763,77.0052993,717322357
Hazur Sahib Nanded,19.1601795,77.3098821,732565041
Parbhani Junction,19.2577028,76.7737511,732565114
Jalna,19.8318228,75.8909339,732565263
Mudkhed Junction,19.1480047,77.5097482,735163197
Parli-Vaijnath,18.8527263,76.5248259,736529198
Latur Road,18.5064442,76.8451251,736529371
Yedshi,18.3175299,75.9768534,736529997
Gangakher,18.973867,76.7556002,736531381
Hingoli Deccan,19.7267119,77.1477651,736554864
Washim,20.1028999,77.1480619,736554952
Chalisgaon Junction,20.4640201,74.9990707,737678769
Shivajinagar,18.5325915,73.8513115,763549837
Hinganghat,20.542611,78.8331636,774645274
Wihirgaon,19.7255962,79.4414518,774646160
Wardha Junction,20.7329564,78.595261,774646420
Warora,20.2441514,79.0100588,774646460
Palsi,17.8120622,74.1114504,775174481
Odha,20.0177954,73.913237,794350278
Nashik Road,19.9480582,73.8420837,794350354
Puntamba Junction,19.761445,74.6219664,794374999
Sainagar Shirdi,19.7805998,74.4806623,794375040
Rahuri,19.4135394,74.6773913,794526508
Taklimiya,19.4577987,74.6791353,794526614
Padhegaon,19.5373029,74.6923237,794526617
Kasara,19.6482325,73.4735887,823469291
Asangaon,19.4397472,73.3080116,823469588
Atgaon,19.5035419,73.3282574,823469603
Khardi,19.5802161,73.3938248,823469674
Vasind,19.4065089,73.2674683,823469932
Arag,16.8225542,74.7882614,919522061
Sulgare,16.893041,74.9039016,919522120
Dolavli,18.8331631,73.3203444,960296024
Chowk,18.9025964,73.24025,960296252
Khopoli,18.788473,73.3460712,968816750
Jalamb Junction,20.8127812,76.5729835,1069082312
Khamgaon,20.7080814,76.5708677,1069082556
Dudhani,17.3626389,76.3802855,1074981853
Bhivpuri Road,18.9705491,73.3314374,1078211630
Shelu,19.063516,73.3179261,1078212032
Wagholi,20.5820092,78.772122,1114895738
Gumgaon,20.9939251,79.0301263,1114895741
Seloo Road,20.7770798,78.7157668,1114895742
Katol,21.2634169,78.5904789,1114895745
Kalambha,21.3443792,78.5588001,1114895751
Narkher,21.4696773,78.5253131,1114895767
Bhandak,20.084731,79.1133185,1114899934
Bhadli,21.0231855,75.6751728,1119862177
Nandgaon,20.3094018,74.6597622,1119932242
Umroli,19.7557614,72.7604506,1149274390
Boisar,19.7984865,72.761452,1149274608
Kelve Road,19.6240526,72.7911751,1149274800
Nandurbar,21.3737635,74.2445558,1149293681
Chandur Bazar,21.2196804,77.7420844,1168841123
New Amravati,20.9030406,77.7329016,1168841672
Murtajapur (NG),20.7370947,77.3545864,1168846572
Murtajapur,20.7364495,77.3552754,1168846584
Nagbhir (NG),20.5802171,79.7001776,1177090602
Sindewahi,20.2966832,79.6698255,1177092560
Manikgarh Junction,19.7876948,79.3986002,1177095943
Balharshah,19.8499139,79.3478101,1177103612
Kotgaon,20.6276196,79.6747619,1177106733
Mangli,20.650936,79.6597854,1177107526
Mul Marora,20.0538719,79.6588768,1177107808
Rajoli,20.1891203,79.6885035,1177114444
Chanda Fort,19.9402881,79.3126355,1177114540
Pandar Pawani,19.7573853,79.2792453,1177117897
Dhule,20.8878255,74.7682128,1224887450
Jamdha,20.5735883,74.9862812,1224895630
Shirud,20.734041,74.8780701,1224895631
Mordad Tanda,20.679878,74.9158303,1224895633
Borvihir,20.7838258,74.8413191,1224895634
Rajmane,20.6414333,74.9425626,1224895635
Mohadi Pragane Laling,20.8628856,74.7794457,1224895637
Kasbe Sukene,20.0743449,74.0313112,1316208848
Dahanu Road,19.9915236,72.7434083,1316209330
Mukundawadi,19.8594624,75.367555,1347698966
Mumbra,19.1899425,73.0230752,1369351423
Dativali,19.1871047,73.0591806,1369352793
Sangli,16.8584407,74.5880836,1404484021
Jayasingpur,16.7907328,74.5509846,1405229913
Baramati,18.1537178,74.5782004,1423283112
Maladgaon,18.373481,74.5925184,1423283672
Mansarovar,19.0164338,73.0806552,1435294693
Saoner Junction,21.3877213,78.9264484,1471841717
Adgaon Buzurg,21.1277952,76.943668,1596307350
Akot,21.0956719,77.0467285,1596307351
Akola Junction,20.7241686,77.0056241,1596307445
Ugwe,20.8058687,77.0092342,1596307536
Dabka,21.3615594,76.720985,1596323919
Lonand,18.0406799,74.1902209,1604806182
Nira,18.1054456,74.208078,1604806183
Phaltan,18.0086089,74.4154334,1604806184
Chandrapur,19.9603283,79.3001343,1625720093
Mysore Colony,19.0277168,72.8914397,1643263977
Mulund,19.1721366,72.9566971,1643351703
Khandeshwar,19.0073498,73.0952827,1645802025
King's Circle,19.0316822,72.8577375,1650694464
Gobarwahi,21.5145756,79.7230923,1678603004
Kudal,16.0172348,73.6780522,1705551313
Sawantwadi Road,15.8664634,73.785083,1705551315
Tumsar Town,21.3833661,79.7413897,1730967302
Pulgaon Junction,20.7262581,78.3175529,1775307131
Achalpur,21.2777391,77.5192051,1802916843
Bhokar,19.2139735,77.6671095,1802916846
Yavatmal 1,20.3874675,78.1198836,1802916847
Umred,20.8512333,79.3312153,1803113015
Karanja,20.4919745,77.4812476,1809954056
Pohe,20.5294587,77.469496,1810036845
Pahur,20.7154391,75.6836894,1810038982
Sondad,21.0852739,80.0957777,1860345007
Anjangaon,21.1632207,77.3187906,2061738668
Banosa,20.9221016,77.3261342,2061738673
Darwha Motibag,20.3212584,77.7683971,2061738677
Tapona,20.3420054,77.8644588,2061739125
Warudkhed,20.3883851,77.6196656,2061739241
Dharashiv,18.2478435,76.0229299,2062209006
Majri Khadan,20.1187451,79.0271935,2062714217
Himayatnagar,19.417082,77.869045,2063676912
Jawalgaon (Deccan),19.386652,77.7934988,2063676941
Makudi,19.5374036,79.4788344,2063677040
Kinwat,19.618782,78.2027909,2063677234
Wirur,19.6412938,79.431279,2063677320
Ambari(Deccan),19.6886368,78.2160347,2063677720
Rajura,19.7712068,79.3696347,2063678023
Pimpalkutti,19.8303055,78.5807635,2063678247
Pulgaon Jn. (NG),20.7268652,78.3187759,2068743611
Ghoti,19.723749,73.6363065,2081254499
Dighori Buzurg,21.1090118,79.2307301,2081283867
Matheran,18.990225,73.270959,2095901533
Jumma Patti,19.0017458,73.3026246,2095914625
Water Pipe,19.0089325,73.2897487,2095985538
Chandur,20.8037661,77.982921,2097662437
Timtala,20.8124899,77.7953999,2097662494
Malkhed,20.8222351,77.8650132,2097662681
Dahegaon,20.7294147,78.4634161,2100205664
Warud,20.7467722,78.6512665,2100206271
Tuljapur,20.8002764,78.8076452,2100206400
Sindi,20.8156785,78.8832426,2100206428
Borkhedi,20.8604733,78.9744835,2100206551
Buti Bori,20.918487,79.0132806,2100207021
Khapri,21.0493697,79.0476798,2100207442
Kalamna,21.1678546,79.1409074,2100210203
Harangul,18.390464,76.4958724,2123418615
Bodwad,20.9034659,76.0174431,2126142358
Varangaon,21.0104777,75.9013224,2126142427
Basmat,19.3328602,77.1515752,2128772835
Savda,21.1106964,75.9102475,2130357384
Gaigaon,20.7208979,76.8902499,2138008024
Paras,20.7251105,76.8166399,2138008298
Nandura,20.8385687,76.4603069,2138009171
Kumgaon Burti,20.8696393,76.3962235,2138009452
Biswa Bridge,20.8853576,76.3389785,2138009505
Wadoda,20.8883948,76.2798519,2138009531
Malkapur,20.891958,76.2040353,2138009590
Khamkhed,20.9030636,76.1204255,2138009700
Shegaon,20.8007513,76.6905257,2138009880
Shahad,19.2435838,73.1580746,2143751910
Dhamangaon,20.7843461,78.1389821,2144250126
Jinti Road,18.3249731,74.8779412,2165172713
Sandhurst Road,18.9609243,72.8393719,2178163576
Kothrud,18.5038889,73.807673,2194045720
Ghorpuri,18.528148,73.8939317,2257797308
Umri,19.0419847,77.6433503,2303140386
Nimblak,19.1189052,74.6890926,2328858842
Phursungi,18.4572003,74.0021566,2429344218
Sasvad Road,18.472818,73.9545184,2429344304
Shindawane,18.4258426,74.1181556,2429759339
Alandi,18.4629033,74.0641899,2429759591
Jejuri,18.2871679,74.1716695,2429803156
Rajevadi,18.3843334,74.155524,2429803227
Ambale,18.4137735,74.1870373,2429803275
Dapodi,18.5814473,73.8326856,2432308147
Pimpri,18.6229526,73.8025117,2432308277
Chinchwad,18.6403548,73.7917128,2432308544
Akurdi,18.6486364,73.764716,2432308802
Thakurli,19.2262813,73.0980174,2441333898
Dockyard Road,18.9674767,72.8445477,2443092123
Reay Road,18.9775506,72.8441011,2443096202
Currey Road,18.9937486,72.8328556,2444001671
Chembur,19.0626319,72.9011399,2454571178
Agran Dhulgaon,16.9551907,74.9216149,2466522091
Sahasrakund,19.403327,78.0083586,2471245662
Aman Lodge,19.0013788,73.2817138,2494695350
Sarola,18.9390791,74.6478682,2512780551
Visapur,18.8247617,74.5994799,2515085468
Kem,18.1768096,75.2743674,2515169718
Kolhadi,20.9005178,76.0640541,2515514045
Asvali,19.8204504,73.7175906,2520350321
Padli,19.7981986,73.6721291,2520350322
Tadali Junction,20.0347418,79.1879255,2524987076
Sonegaon,20.62885,78.7093145,2524989604
Hadapsar Railway Station,18.526967,73.9278252,2539975310
Loni,18.4908467,74.0208082,2539975321
Manjari Budruk,18.5122093,73.9719339,2539975328
Kedgaon,18.4820871,74.3767149,2552632312
Khutbav,18.4860042,74.3156554,2552632321
Yavat,18.4890124,74.2566509,2552632327
Ratnagiri,17.0028514,73.3583394,2555396673
Sangameshwar,17.2015922,73.5463963,2555396674
Sawarda,17.4046532,73.5151946,2555396675
Zarap,15.9483572,73.7341532,2555396676
Lowjee,18.809571,73.3351848,2629004879
Mankhurd,19.0482086,72.9317136,2629720841
Nahur,19.1546402,72.9466525,2629791007
Bandra,19.0549792,72.8402203,2630075000
Byculla,18.9766219,72.8327936,2630075001
Charni Road,18.9518437,72.8182401,2630075002
Dadar,19.0173761,72.8430265,2630075003
Dadar,19.0192269,72.8428479,2630075004
Mahim Junction,19.0406634,72.8466038,2630075005
Marine Lines,18.945764,72.8237193,2630075006
Mumbai Central,18.9695855,72.8193152,2630075008
Panvel,18.9894239,73.122695,2630075009
Vile Parle,19.0999098,72.8440038,2630075010
Virar,19.4553059,72.811816,2630768140
Bharat Petroleum,19.0352839,72.8955553,2647295137
VNP & RC Marg Junction,19.0526419,72.8942789,2647295140
Chuna Bhatti,19.0517703,72.8690974,2663219988
Sion,19.0465213,72.8632834,2663263713
Kurla,19.0652797,72.8793805,2663447640
Udgir,18.3908529,77.1098789,2663794146
Jamner,20.8064403,75.7749092,2668344198
Pachora Junction,20.6696319,75.3492048,2668344200
Bhusaval Junction,21.0472554,75.7880594,2669107246
Dhanora(Deccan),19.4653598,78.1327248,2857059983
Wani,20.0665702,78.9606252,2858525505
Nagarsol,20.1012655,74.5431539,2883204674
Niphad,20.0972017,74.0800142,2885258930
Bhiwapur,20.7697169,79.5116593,2907527637
Bhuyar,20.7141484,79.5790723,2907527638
Kuhi,21.0071063,79.3503025,2907527639
Bhandewadi Halt,21.1412704,79.1593175,2907529361
Tempa,20.6783019,79.6054185,2907529364
Salwa,21.2362496,79.2929081,2913390278
Dondaicha,21.3312641,74.5628682,2923560302
Kodi,19.7026623,76.0154454,2952258989
Fertilizer Township,19.0438776,72.893456,2986295912
Belanki,16.851938,74.8703246,3006843624
Dhalgaon,17.122421,74.99099,3104989201
Jath Road,17.2182545,75.1116573,3104989292
Bamani,17.5107362,75.2365447,3105002146
Modlimb,17.9168601,75.4053029,3105009645
Pandharpur,17.6696359,75.3208411,3105034829
Belapur,19.6197639,74.6599008,3191103317
Khandbara,21.3047756,74.0450599,3195291021
Govandi,19.0553688,72.9150702,3205733664
Chikalthana,19.8596828,75.4024016,3233856274
Daulatabad,19.9168755,75.2097419,3243668649
Bhandup,19.142757,72.9376543,3248305759
Chhatrapati Sambhajinagar,19.8597998,75.3114008,3306484869
Borivali,19.229068,72.8573628,3347009325
Kandivali,19.2041136,72.8517376,3347023609
Malad,19.1867193,72.8485884,3347034598
Goregaon,19.1648688,72.8495492,3347034961
Prabhadevi,19.0074717,72.8358965,3462327239
Chinchpokli,18.9871984,72.8326716,3501418211
Parel,19.0094817,72.8376614,3501418212
Tilak Nagar,19.0657855,72.8904702,3530903066
Lasalgaon,20.1546054,74.2258438,3655333654
Wadala Bridge,19.0174849,72.8593168,3732540593
Yeulkhed,20.7248936,77.0752679,3783072924
Borgaon,20.7283562,77.1812942,3783072954
Daundaj,18.229761,74.1773903,3785964205
Acharya Atre Nagar,19.0236472,72.8637994,3806743187
Ambedkar Nagar,19.0015921,72.8442272,3806743188
Dadar East,19.0162531,72.8522274,3806743192
Guru Tegh Bahadur Nagar,19.0366871,72.8707858,3806743193
Sant Gadge Maharaj Chowk,18.9830921,72.8285867,3806743194
Mint Colony,18.9945142,72.8433086,3806743195
Naigaon,19.0095393,72.8478709,3806743196
Bramhapuri,20.6037148,79.86722,3922068373
Mindala,20.538099,79.7148663,3955196693
Umbermali,19.6283669,73.4229527,3956215626
Thansit,19.5503368,73.3522404,3956337841
Kamptee,21.2108564,79.1959787,3962824635
Ramtek,21.3935847,79.2999141,3962824636
Sevagram,20.7391912,78.6185535,4004113007
Maltekd,19.1683867,77.3352461,4021042848
Mugat,19.1748436,77.4269106,4021042858
Aravali Road,17.316657,73.5380915,4255633326
Kolad,18.3920231,73.2234248,4255635419
Vikhroli,19.1114795,72.928021,4258411797
Churchgate,18.9354797,72.8271741,4260136290
Matunga,19.0274356,72.8501467,4264457295
Matunga Road,19.0278149,72.8466813,4264462833
Mahalaxmi,18.9825203,72.8242196,4264478427
Ghatkopar,19.0856928,72.9083668,4264539430
Guru Tegh Bahadur Nagar,19.0380048,72.8643455,4264841906
Nalla Sopara,19.4178997,72.8185693,4306437059
Talodhi Road,20.4539097,79.7365689,4337934315
Alewahi,20.3643454,79.7036229,4337949741
Tolewahi,20.0166304,79.6046475,4337973068
Kelzar,19.9840778,79.5671047,4337976426
Hotgi Junction,17.5652835,75.9895751,4388968398
Jeur,18.2611852,75.1622878,4510277594
Veer,18.1137454,73.3305792,4518506289
Dombivli,19.2180493,73.0861355,4548420708
Kopar,19.212423,73.078865,4548421106
Kalyan Junction,19.2358216,73.1308101,4548442653
Vambori,19.2984759,74.6850072,4647056689
Karanjadi,17.9992354,73.4042369,4692486463
Kankavali,16.2594268,73.7199483,4693475304
Adavali,16.9215451,73.5928085,4693475305
Amravati,20.9307137,77.7580715,4758155108
Kurduvadi Junction,18.0918477,75.4170412,4762073063
Igatpuri,19.6944394,73.5638878,4763212767
Neral NG,19.0267961,73.3184141,4769538488
Mohope,18.9437607,73.1949958,4769702080
Rewral,21.2608836,79.4679735,4791859887
Khat,21.2426382,79.5505683,4791859889
Mangaon,18.247448,73.275442,4854000230
Chinchpada,21.1910192,73.9202535,5055628531
Mira Road,19.2816975,72.8560676,5122858908
Katphal,18.2330554,74.5958191,5149306800
Babupeth,19.9208216,79.3130539,5202768770
Chembur,19.0541298,72.8928064,5219622321
Dahanukarwadi,19.2062315,72.8348068,5219622342
Kandivali (West),19.2140036,72.8373054,5219622343
Borivali (West),19.2313925,72.8408607,5219622344
Mandapeshwar - I.C. Colony,19.2495856,72.8458001,5219622345
Kandarpada,19.2566337,72.850504,5219622346
Anand Nagar,19.2572087,72.8663486,5219622347
Diamond Garden,19.0517191,72.9018378,5219622393
Shimpoli,19.2228332,72.8409432,5219623032
Eksar,19.2403773,72.8434456,5219623047
Chhatrapati Shivaji Maharaj International Airport - T2,19.1023335,72.8744692,5221297132
Bandra Kurla Complex,19.0606629,72.8546797,5221297179
Mitewani,21.4222392,79.7138062,5243852353
Ankai,20.1506014,74.469464,5249341197
Potul,19.9181206,75.1224724,5305487225
Uran City,18.8784186,72.9525001,5442005137
Vangaon,19.8829908,72.7631658,5498811103
Gholvad,20.0868248,72.737741,5564777400
Bordi Road,20.1211863,72.7652184,5569668223
Juichandra,19.3604641,72.8723218,5580577005
Kaman Road,19.3366555,72.9190837,5580577254
Andheri,19.1196976,72.8464205,5696928866
Rasayani,18.8940449,73.1516427,5764017129
Vangani,19.0943323,73.3008946,5764392819
Ulhasnagar,19.2178804,73.1630778,5764394234
Dehu Road,18.680047,73.7343306,5764399442
Begdewadi,18.7009452,73.7080003,5764400556
Talegaon,18.7351057,73.6720899,5764400577
Vadgaon,18.7425866,73.6366603,5764400593
Kamshet,18.7669374,73.5524324,5764400632
Kanhe,18.7620969,73.594046,5764400645
SEEPZ,19.1259985,72.8737266,5787704195
MIDC - Andheri,19.1173537,72.8735966,5787704196
Marol Naka,19.1085041,72.878578,5787704197
Tikekarwadi,17.6155017,75.9336805,5903261398
Akalkot Road,17.4507852,76.1385307,5903695012
Ram Mandir,19.151023,72.8501467,5909533857
Kalamboli,19.0344708,73.1149672,5936230491
Andheri L1,19.1205638,72.8488433,6020955334
Vijayanagar,16.778109,74.6968655,6105036203
Ukshi,17.1301992,73.4568767,6123882592
Arvi,20.9928709,78.223256,6129230131
Rohna,20.8489629,78.3292273,6129230176
Warud Orange City,21.4586119,78.2758253,6129231745
Tadwal,17.39303,75.9760337,6137375845
Sulerjavalge,17.459164,75.9747958,6137384200
Aherwadi,17.5045546,75.9952597,6137397316
Kadethan,18.4779352,74.4224221,6161092133
Patas,18.4734171,74.4710129,6161092134
Malikpeth,17.8763222,75.6350326,6161153166
Angar,17.9284359,75.6079316,6161153167
Vakav,17.9800648,75.5885499,6161153168
Madha,18.0301719,75.5464219,6161153169
Wadsinge,18.0665657,75.4889488,6161153170
Bhigwan,18.3173026,74.7745532,6161155805
Malthan,18.369051,74.724294,6161155817
Boribial,18.4079309,74.6490189,6161155824
Daund Junction,18.4639145,74.5793013,6161155828
Dhavlas,18.1295488,75.3343677,6161155891
Bhalwani,18.2106663,75.207231,6161155926
Pophlaj,18.2914811,75.0979954,6161155954
Washimbe,18.2803212,75.0162578,6161155955
Parewadi,18.2900591,74.9525163,6161155964
Bale,17.6763069,75.8456129,6161196783
Pakni,17.7253954,75.7790029,6161200234
Mundhewadi,17.7419957,75.7062882,6161200235
Mohol,17.8045662,75.6761992,6161200723
Tilati,17.5289715,76.0359505,6161233769
Boroti,17.3949879,76.255269,6161287682
Nagansur,17.4287931,76.1831927,6161287683
Valha,18.183283,74.1604193,6162853057
Surawadi,18.0200616,74.3349458,6162865340
Taradgaon,18.0364462,74.2540182,6162865373
Wathar,17.8913345,74.1365984,6163559239
Salpa,17.9630225,74.1712824,6163560438
Adarki,17.9222092,74.1927629,6163560603
Shenoli,17.2011706,74.2520559,6163683875
Masur,17.4051415,74.1447937,6163684512
Rahimatpur,17.6122762,74.172551,6163684571
Jarandeswar,17.7505703,74.0771042,6163684696
Koregaon,17.6919946,74.1490683,6163685947
Amnapur,17.0464083,74.4641905,6163726362
Bhilawadi,17.0080619,74.5155173,6164312804
Madhavnagar,16.8864591,74.5755071,6164314686
Nandre,16.9634543,74.5585564,6164314706
Kirloskarvadi,17.0832291,74.4172371,6164422416
Nimshirgaon Tamdalge,16.7630161,74.471782,6164497617
Gur Market,16.7019115,74.268945,6164522999
Valivade,16.7041544,74.2994847,6164523212
Rukadi,16.7254247,74.3585898,6164523219
Shirsai,18.3147616,74.5783322,6164531181
Jite,18.8200931,73.0868155,6164590560
Hamarapur,18.7839356,73.0792002,6166805005
Pen,18.735385,73.0868161,6166805034
Kasu,18.6413721,73.0793081,6166853068
Nidi,18.4741031,73.1073063,6166890387
Goregaon Road,18.1626135,73.3030008,6166893592
Indapur,18.2990452,73.2446587,6166893593
Kamathe,17.4778541,73.5159247,6166925252
Anjani,17.6210548,73.3997311,6166925906
Diwankhavati,17.8551345,73.4181212,6166925934
Vinhere,17.9148403,73.3836239,6166925965
Sape Wamane,18.0581106,73.3715683,6166925966
Vaibhavwadi Road,16.5123066,73.7079427,6166954073
Rajapur Road,16.635634,73.6267989,6166954074
Saundal,16.7017062,73.6198869,6166954075
Vilavade,16.7856781,73.6191607,6166954076
Veravali,16.8338265,73.6152546,6166956986
Nivasar,16.9472452,73.454825,6166956993
Bhoke,17.0489169,73.3810736,6166956998
Sindhudurg,16.1121887,73.6798546,6166996097
Madure,15.8038314,73.81286,6167910047
Javale,17.2994419,75.1586388,6169201078
Langarpeth,17.0839794,74.9666635,6169202396
Gulvanchi,17.172758,75.0561784,6169202411
Masoba Dongargaon,17.2698256,75.138651,6169202416
Wasud,17.3777783,75.1480747,6169202490
Bohali,17.5888791,75.2744818,6169202536
Babhulgaon,17.7626655,75.3749101,6169202539
Ashti,17.8453478,75.4032647,6169202540
Laul,18.0339145,75.3953489,6169202645
Kawathe Mahankal,16.9933838,74.9364636,6169221301
Bolwad,16.8165586,74.6849581,6169222404
Ahmadnagar,19.074352,74.7219979,6171411112
Narayandoh,19.021468,74.8010877,6171411218
Akolner,18.9839331,74.6683185,6171411391
Kashti,18.5242967,74.5987795,6171411917
Belvandi,18.710759,74.6225824,6171412045
Shrigonda Road,18.5987916,74.6419377,6171412075
Nipani Vadgaon,19.5879874,74.7045333,6171437402
Vilad,19.1985481,74.6746704,6171437423
Chitali,19.691104,74.6236509,6171442658
Yeola,20.0226326,74.4962262,6171459495
Sanvatsar,19.8837511,74.5605457,6171459521
Kanhegaon,19.8168117,74.5715374,6171459535
Manmad Junction,20.2501817,74.439395,6171493086
Ankaikila,20.1828402,74.4377106,6171493784
Kherwadi,20.0468553,73.9739184,6171506349
Ugaon,20.1234702,74.1396874,6171506358
Summit,20.2115322,74.3439352,6171506365
Devlali,19.8965492,73.8367402,6171526043
Galan,20.609212,75.2768934,6173569359
Nagardevla,20.6033221,75.1984334,6173569360
Kajgaon,20.5736247,75.140686,6173569361
Vaghli,20.5178506,75.0684267,6173569362
Bhoras Budrukh,20.5209159,75.0131382,6173569363
Hirapur,20.4245194,74.9366176,6173569373
Panjhan,20.2750721,74.6109867,6173578592
Hisvahal,20.2811784,74.560309,6173578593
Panevadi,20.2625105,74.4835264,6173578594
Rohini,20.3711316,74.87468,6173579389
Naydongri,20.3492845,74.8374188,6173579390
Pimpar Khed,20.307474,74.7563516,6173579391
Mhasavad,20.8706567,75.4586828,6173597911
Maheji,20.7691355,75.4244792,6173597912
Pardhade,20.7298415,75.3771919,6173597913
Shirsoli,20.9346269,75.5088615,6173612342
Waghoda,21.2793798,76.1206225,6173661613
Raver,21.2222313,76.0444182,6173661614
Nimbhora,21.1605208,75.97467,6173661615
Duskheda,21.0735982,75.8392346,6173661616
Lokmanya Tilak Terminus,19.0694658,72.8919779,6175360983
Paldhi,21.0223316,75.4607319,6177052053
Dharangaon,21.0061881,75.2863345,6177052122
Varkhedi,20.6575236,75.443917,6177052311
Pimpalgaon,20.6278802,75.5162536,6177052313
Shendurni,20.6574319,75.5974594,6177052314
Bhagdara,20.7367289,75.7506113,6177052315
Dhekvad,21.353579,74.1622424,6177088493
Bhadwad,21.3248283,74.1036308,6177088494
Khatgaon,21.252732,73.9842081,6177088495
Kolde,21.1613562,73.867988,6177088496
Bhone,21.018146,75.2232137,6177946162
Takarkhede,21.0358058,75.1644337,6177946163
Amalner,21.0493189,75.0573385,6177946164
Bhortex,21.0989095,75.0037265,6177946165
Padse,21.1277494,74.9343538,6177946166
Betawad,21.1499947,74.8864174,6177946178
Nardana,21.1780424,74.8284356,6177947519
Hol,21.198152,74.7856395,6177947520
Sindkheda,21.2443624,74.723972,6177947521
Sonshelu,21.267415,74.6722484,6177947522
Vikhran Road,21.2953523,74.6296978,6177947523
Ranala,21.3781131,74.4586802,6177947542
Tisi,21.3828536,74.3681073,6177947543
Chaupale,21.3754968,74.2938866,6177947544
Chavalkhede,21.0244898,75.351078,6177947615
Tarsod,21.025209,75.609329,6181246328
Sakegaon,21.0297537,75.7449644,6181308432
Dhulghat,21.2958057,76.7499408,6200205191
Wan Road,21.2149203,76.8207056,6200214134
Hiwarkhed,21.1867477,76.8747642,6200221058
Patsul,21.0036967,77.0384763,6200275524
Gandhi Smrak Road,20.8727322,77.0178789,6200296288
Shivni Shivapur,20.6757461,77.0481375,6200641744
Barsitakli,20.5760223,77.0612091,6200650509
Lohagad,20.4680386,77.0790219,6200655484
Amanwadi,20.3664418,77.0741838,6200665897
Jaulka,20.2848376,77.0752782,6200669877
Kata Road,20.1855922,77.112041,6200698449
Kekatumar,20.0256651,77.1033457,6200705447
Penganga,19.9671932,77.1197366,6200708840
Kannargoan Naka,19.9437114,77.147066,6200713281
Malsailu,19.8676894,77.1228625,6200717256
Navalgaon,19.7985458,77.123105,6200725691
Dhamni,19.6490289,77.1783399,6200739082
Kannjara,19.6038619,77.2104503,6200748054
Nandapur,19.5943428,77.2372812,6200758388
Bolda,19.5517469,77.2731456,6200760904
Pangara Shinde,19.5264205,77.2403349,6200766339
Sirli,19.508731,77.2125472,6200767883
Marsul,19.2342816,77.099082,6200768542
Junona,19.4760895,77.1618382,6200768826
Chondi,19.4307588,77.1557383,6200774711
Pimplachaure,19.2858842,77.1328306,6200780801
Tinkheda,21.4077016,78.5234967,6203603735
Metpanjra,21.2729792,78.6755625,6203639364
Sonkhamb,21.2764003,78.7365593,6203643222
Kalmeshwar,21.2295891,78.9152033,6203647088
Kohli,21.2735481,78.8078808,6203648685
Bharatwada,21.2314215,79.0167127,6203678999
Godhani,21.2115803,79.0686347,6203685513
Pingli,19.2180366,76.8583169,6206019464
Tharsa,21.2563431,79.4147925,6207176475
Chacher,21.2418625,79.3553585,6207177684
Darekasa,21.2707992,80.5806017,6207725083
Salekasa,21.3014146,80.493246,6207725084
Gondia Junction,21.4611517,80.1931894,6207725231
Dhanoli,21.3216142,80.4272031,6207725485
Amgaon,21.3614774,80.3741384,6207725486
Gudma,21.4145294,80.2889496,6207725487
Hirdamali,21.3430313,80.1976794,6207725694
Gangajhari,21.4429196,80.0588134,6207725695
Koka,21.2591455,79.7115532,6207725954
Kachewani,21.4299404,79.981327,6207726096
Tirora,21.4140125,79.9166108,6207726162
Mundikota,21.3730178,79.835152,6207726163
Gadchandur,19.7396744,79.1752205,6232957690
Tarur,20.0244059,74.6478899,6266508758
Rotegaon,19.9554395,74.7583238,6266520452
Parsoda,19.9537923,74.875349,6272143775
Karanjgaon,19.9496748,74.9247952,6272179060
Lasur,19.9263446,75.0118617,6272414250
Karmad,19.8728917,75.5379525,6272414255
Gevarai,19.8747238,75.6475222,6272414256
Badnapur,19.8748116,75.7230536,6272414257
Dingaon,19.8534678,75.8217352,6272414258
Sarwari,19.7619563,75.9434926,6272414260
Ranjani,19.6487415,76.1042332,6272414261
Paradgaon,19.6213915,76.1572551,6272414262
Partur,19.576485,76.2130772,6272414263
Usmanpur,19.5280482,76.2814782,6272414264
Satuna,19.4910539,76.3563606,6272414265
Dhengli Pimpalgaon,19.3935806,76.4976538,6272414269
Manwat Road,19.3587472,76.5349843,6272414270
Devalgaon Avchar,19.3199371,76.6117955,6272414271
Pergaon,19.2991026,76.6647216,6272414272
Mirkhal,19.2037892,76.9157481,6282279083
Chudawa,19.1797966,77.1164523,6282553614
Limbgaon,19.1762926,77.2049336,6282560782
Wanegaon,19.166947,77.2500854,6282564761
Pathrad,19.1840415,77.3976159,6282569599
Sivungaon,19.1082684,77.5444986,6282648695
Shelgaon,19.0804007,77.5889316,6282654626
Bolsa,19.001813,77.7035092,6282675013
Karkheli,18.9440184,77.7393411,6282677696
Chikna,18.9291802,77.7566207,6282696385
Dharmabad,18.8884881,77.8494751,6282699677
Samrala,18.9189683,77.7968552,6282699678
Jambhali,19.1666571,77.5927734,6285810875
Bimbari,19.1641179,77.6316142,6285814592
Therban,19.2740365,77.6897885,6285859736
Devthana,19.2804887,77.7113469,6285859737
Hadgaon Road,19.3326267,77.723276,6285876753
Parwakhurd,19.3700172,77.7713997,6285890153
Khadki Bazar,19.4084179,77.8360154,6285904170
Jirona,19.4081592,77.9503383,6285913318
Mahimba,19.419395,78.0745567,6285922709
Bodhadi Bujrug,19.4958204,78.1947172,6285934687
Madanapur,19.5652517,78.1982772,6285938127
Lingti,19.7965256,78.7521369,6286438968
Mukutban,19.8066946,78.8579082,6286454486
Kayar,19.9066859,78.9073026,6286458881
Majri Junction,20.1393347,79.0429621,6286547345
Rajur,20.106106,78.909803,6287546984
Lower Parel,18.9931201,72.8314698,6498408219
Nilaje,19.1544274,73.0803599,6568083089
Taloje Panchanand,19.079148,73.0878581,6568083144
Somatne,18.950646,73.14548,6568083299
Navade Road,19.053846,73.1030296,6577361084
Kalambani Budruk,17.7660925,73.4206896,6580407097
Kharepatan Road,16.5689786,73.6607503,6581482631
Ghorawadi,18.7213273,73.6962042,6586492676
Uruli,18.4937197,74.1369658,6587909738
Kelavli,18.8445449,73.3189117,6589829332
Sirsuphal,18.3067959,74.573588,6590375051
Dehare,19.2436005,74.6748259,6591558939
New Loni,18.9465424,74.8657586,6591850967
Solapurwadi,18.9117721,74.932283,6591853884
Padsali,18.0019703,75.3895919,6592289824
Bedag,16.8227441,74.7280264,6592492106
Mahisgaon,18.1095783,75.4954864,6593054447
Barsi Town,18.24099,75.7181307,6593068304
Pangri,18.2840056,75.8671221,6593068309
Chinkhill,18.0998897,75.4578241,6593073809
Shendri,18.1494063,75.5902361,6593086279
Uplai,18.1796168,75.634995,6593092637
Dhoki,18.3537447,76.1030889,6593097562
Kuslamb,18.2790647,75.781742,6593108997
Kalamb Road,18.3720019,76.049273,6593131314
Ausa Road,18.3783912,76.4076991,6593133348
Thair,18.3526653,76.1501455,6593140339
Palsap,18.358439,76.1933077,6593149119
Murud,18.3803611,76.2510946,6593149761
Neoli,18.3874677,76.3109615,6593154999
Bhatangali,18.4459325,76.6785598,6593165036
Gharni,18.4792862,76.7640413,6593176910
Vishrambag,16.8509965,74.6028035,6593646583
Hatkanangale,16.7477491,74.4211932,6594375584
Nageshwadi,18.4606606,76.9163236,6595592771
Kumthakhurd,18.4211994,77.0086039,6595637978
Murti,18.6905692,76.5861519,6595671458
Ambika Rohina,18.4421955,76.9443929,6595672307
Chakur,18.4877908,76.8844374,6595680614
Her,18.4267194,76.9712715,6595681769
Wadwal Nagnath,18.5346244,76.8115866,6595684560
Janwal,18.5594126,76.7555391,6595686054
Karepur,18.5870446,76.6833877,6595686055
Pangaon,18.6347244,76.6353436,6595693927
Ukhali,18.9105508,76.6038558,6595698229
Ghatnandur,18.7235959,76.5633424,6595702388
Dhondi,19.0866654,76.7438054,6595706069
Vadgaon Nila,18.9295718,76.6405766,6595720543
Pokharni Narsimha,19.1187625,76.7322719,6595725866
Sangannapur,19.1775874,76.7369068,6595747754
Achegaon,20.9731697,75.938554,6630619052
Shri Kshetra Nagjhari,20.7620209,76.7538789,6631912844
Mana,20.7616169,77.4690683,6632008453
Katepurna,20.7247331,77.2594262,6632022237
Mandura,20.7799231,77.5230213,6632022588
Kuram,20.8081222,77.5867723,6632029075
Takli,20.8324369,77.6569327,6632034095
Dipore,20.7928409,78.0410596,6632253788
Talni,20.7542936,78.2302038,6632259218
Lakhpuri,20.8408079,77.3562139,6632992692
Bhujvad,20.8598799,77.3546472,6633019224
Lehgaon,20.982595,77.3294215,6633066415
Kapustalni,21.0935679,77.3420829,6633078557
Kokalda,21.0354588,77.3354847,6633095854
Chamak,21.2188691,77.4714898,6633118452
Khusta Buxarg,21.1996673,77.4496823,6633133094
Pathrot,21.1857408,77.3980124,6633136388
Nowbagh,21.2524283,77.4934693,6633150184
Murtajapur Town,20.7270957,77.3668909,6633681513
Kinkhed,20.6527592,77.4086683,6633699798
Vilegaon,20.5920366,77.4361752,6633734923
Bhadsivni,20.5509746,77.4527028,6633760856
Karanja Town,20.4863063,77.4916974,6633802624
Dadgaon,20.4519773,77.5326532,6633842704
Somthan,20.4387926,77.576786,6633896420
Sangvi,20.4190288,77.6018744,6633918493
Bhandegaon,20.3415872,77.6980539,6633984428
Ling,20.3619223,77.9615547,6634151922
Lasina,20.4000078,78.0158139,6634155543
Ladkhed,20.3413615,77.9202165,6634156126
Walgaon,21.0202682,77.7107218,6634219895
Ashtegaon,21.297381,77.9346885,6634234346
Shirala,21.1259658,77.7248061,6634250527
Benoda,21.4499046,78.1804352,6634264681
Morshi,21.3265968,77.9962827,6634269912
Kolvihir,21.2555112,77.8363158,6634273922
Pala,21.3760987,78.0184304,6634289055
Hiwarkhed,21.4055985,78.0677937,6634289472
Pusla,21.492767,78.3545213,6634292525
Mowad,21.4562154,78.4519821,6634297700
Virul,20.8035599,78.3387161,6634314392
Sorta,20.7692725,78.3386829,6634321884
Rohna Town,20.8542587,78.3239505,6634325072
Dhanori,20.8793208,78.2908544,6634332197
Pargothan,20.9041239,78.2877732,6634337613
Pachegaon,20.9417056,78.2518014,6634343306
Khubagaon,20.9630295,78.239315,6634358838
Chitoda,20.7140511,78.6255657,6634954024
Bhugaon,20.6735769,78.6697872,6635167817
Yenor,20.4940971,78.840938,6635215825
Nagri,20.4068695,78.8900569,6635330975
Chikni Road,20.3250966,78.9602771,6635353252
Vivekanand Nagar,19.9823658,79.2793413,6635682990
Choti Padoli,20.0017743,79.2498156,6635688696
Gondwana Visapur,19.8824704,79.3283695,6635751447
New Pandarpawani,19.7597047,79.3022424,6638744265
Kapri Kheda,21.2687954,79.1184683,6658598602
Rahate Colony,21.1273846,79.0753978,6841157974
Congress Nagar,21.1281984,79.0825531,6841157975
"Zaveri Nursing Home, Nagpur",21.1699068,79.1101322,7049150985
Gond Umari,21.0224712,80.0902869,7414439999
Dronagiri,18.8813327,72.9647315,7555912827
Nhava Sheva,18.898061,72.9877967,7555912828
Ranjanpada,18.9092584,73.0158486,7555912829
Shivajinagar,18.5304747,73.8485711,7944584959
Phugewadi,18.5911058,73.8311472,7944584963
Balewadi Stadium,18.5797092,73.7615418,7944584964
Doehler India,18.5881015,73.7028954,7944584965
Range Hills,18.5502871,73.8458072,7944584969
Megapolis Circle,18.5792197,73.6879997,7944584973
Dapodi,18.5837649,73.8337656,7944584975
PMC Bhavan,18.5227443,73.8533499,7944584980
Infosys,18.5941952,73.7092228,7944584983
Ruby Hall Clinic,18.5327176,73.8777486,7944584984
District Court (Aqua Line),18.5267201,73.8577478,7944597685
Quadron,18.5840185,73.6948179,7944597688
Sant Tukaram Nagar,18.6145248,73.8157455,7944597690
Kalyani Nagar Station,18.5492369,73.9058662,7944597693
Agriculture College,18.533006,73.8414867,7944597695
Wipro,18.59659,73.7171607,7944597696
Kasarwadi,18.5996201,73.8272644,7944597699
RBI,18.5363707,73.8366919,7944597700
Wakad Chowk,18.5902986,73.7575587,7944597702
Nashik Phata,18.609303,73.8200965,7944597706
Swargate,18.4997453,73.8574604,7944597710
Bopodi,18.5696611,73.8381029,7944597711
नागपुर रेल्वे स्टेशन,21.1513767,79.0904355,7944681323
Nari Road,21.1795001,79.1097781,7944685685
Chitaroli Square,21.1496469,79.110395,7944685774
Automotive Square,21.1857923,79.1195065,7944685834
Agrasen Square,21.1510532,79.1029132,7944686038
Ambedkar Square,21.148325,79.1294936,7944686097
Kadvi Square,21.1686674,79.0924243,7944686237
Dosar Vaisya Square,21.1529727,79.094916,7944686405
Vaishnodevi Square,21.1480272,79.1364057,7944686439
Telephone Exchange,21.148814,79.1182431,7944686824
Indora Square,21.1736873,79.1007283,7944686882
Gaddi Godam Square,21.1616305,79.083725,7944687024
Prajapati Nagar,21.1501485,79.148823,7944687085
Cotton Market,21.1459896,79.0897729,7944687375
Kapurbawdi Station,19.2241429,72.9774245,8342841400
Gaimukh Station,19.2844346,72.9468083,8462729069
Gowniwada Station,19.2767469,72.9582272,8462729070
Azad Nagar Bus Stop,19.2410366,72.9809993,8462838145
Gongle,21.222196,80.1478854,8999711323
Chicholi Buzurg,20.6128318,79.9202417,8999711324
Amdi Halt,21.3709669,79.2522875,8999711326
Wadsa,20.6239972,79.9630517,8999711330
Arunnagar,20.7084913,79.9789721,8999711334
Chicholi,21.4663051,79.7063101,8999711335
Dongri Buzurg,21.5502377,79.6939813,8999711338
New Airport,21.0660407,79.0558315,9066500976
Subhash Chandra Bose Ground,19.294238,72.8431291,9130240851
Airport Colony Station,19.1058178,72.854017,9131712733
Anik Nagar Bus Depot Station,19.0458265,72.8786341,9132436368
Vanaz,18.5071853,73.8051948,9599243853
Anandnagar,18.5095724,73.8140749,9599243854
Paud Phata,18.508885,73.822144,9599243855
SNDT College,18.5073567,73.8287815,9599243856
Garware College,18.5119886,73.8380505,9599243857
Dahisar (East) [Line 7],19.2506981,72.8666664,9627118208
Dahisar (East) [Line 2],19.2517331,72.8673322,9627118209
Aarey,19.1693242,72.8587918,9629564097
Dindoshi,19.1797579,72.8582976,9629564098
Kurar,19.1872999,72.8584547,9629564099
Akurli,19.1981585,72.8604905,9629564100
Poisar,19.2037713,72.8633227,9629564101
Magathane,19.2167968,72.8668012,9629564102
Devipada,19.2240357,72.8643251,9629564103
Rashtriya Udyan,19.2346141,72.8631372,9629564104
Ovaripada,19.2431487,72.8641377,9629564105
Ashti,18.8378043,75.1818962,9694819646
Pimpri Chinchwad Municipal Corporation (PCMC),18.6293185,73.8032857,10214268972
Achirne,16.446684,73.7438935,10251526307
Nandgaon Road,16.3876268,73.7308816,10251526308
Kadavai,17.2652928,73.5521906,10251610509
Bamhni,20.922678,79.3646285,10255269127
Barabhati,20.862131,80.0610704,10255269129
Arjuni,20.8181861,80.0231121,10255269130
Wadegaon,20.7644093,79.9818666,10255269131
Birsola,21.5991121,80.2073386,10255315777
Gatra,21.5580352,80.2053294,10255315779
Nagradham P.H.,21.5006125,80.1993451,10255315780
Pipla,21.3122025,79.0685795,10255315782
Patansaongi Town Halt,21.3367206,79.0251768,10255315783
Patansaongi,21.3453155,79.0099028,10255315784
Takli Bansali P.H.,21.3559993,78.9914647,10255315785
Dewalgaon,20.911493,80.0873836,10255434428
Kirmiti Mendha,20.5926981,79.7697164,10255434429
Shahid Bhagat Singh Garden,19.2948117,72.849362,10299481539
Gundavali,19.1145125,72.8551556,10576622687
Mogra,19.1284364,72.8554558,10576622712
Jogeshwari (East),19.1429455,72.855185,10576622721
Goregaon (East),19.1524492,72.8565966,10576622722
Andheri (West),19.1291337,72.8314307,10576726748
Lower Oshiwara,19.1406979,72.8317139,10576726751
Oshiwara,19.1460351,72.833952,10576726756
Goregaon (West),19.1530241,72.8356664,10576726757
Lower Malad,19.1730984,72.8364801,10576726761
Malad (West),19.1852851,72.8358611,10576726762
Valnai-Meeth Chowky,19.1968293,72.8337752,10576726763
Sant Gadge Baba Yavatmal Railway Station,20.3668358,78.0912786,10777422734
Shivaji Nagar,18.532172,73.8496602,11097510271
District Court (Purple Line),18.5267856,73.8568986,11097510274
Chhatrapati Sambhaji Udyan,18.5200806,73.847383,11097527718
Deccan Gymkhana,18.5164485,73.8444458,11097527725
CBD Belapur,19.0190075,73.0391304,11335491946
CBD Belapur,19.0205999,73.0402663,11335491947
RBI Colony,19.0229846,73.0479433,11335491948
Kasturchand Park,21.1543646,79.081477,11368300687
Zero Mile,21.1466946,79.0806347,11368300688
Sitabuldi,21.1402262,79.0871588,11368300689
Chhatrapati Square,21.109139,79.0696114,11368300690
Ajni Square,21.1182122,79.0721071,11368300691
Ujjwal Nagar,21.0963504,79.0663192,11368300692
Jaiprakash Nagar,21.1036395,79.068179,11368300693
Airport,21.0862162,79.0637884,11368300694
Airport South,21.0790559,79.0605257,11368300695
Khapri,21.0493478,79.0478446,11368300696
Institute of Engineers,21.1383147,79.0700943,11369581741
Jhasi Rani Square,21.1407181,79.0778268,11369581742
Rachna Ring Road,21.121523,79.0294117,11369581743
Vasudev Nagar,21.1187853,79.0194659,11369581744
Bansi Nagar,21.1161997,79.0126033,11369581745
Lokmanya Nagar,21.1108046,79.001754,11369581746
Shankar Nagar Square,21.1362125,79.0616442,11371112352
LAD College,21.1329162,79.054798,11371112353
Ambazari Lake,21.1286919,79.0457448,11371112354
Subhash Nagar,21.1233162,79.0420532,11371112355
Bund Garden,18.5405933,73.8834394,11699340649
Yerwada,18.5453173,73.8866882,11699340652
Kalyani Nagar,18.5444806,73.9056979,11699340655
Ramwadi,18.557028,73.9085628,11699340657
Saswad Road Station,18.4806742,73.9435018,11760955738
Bandra Colony,19.0699627,72.8493601,12074909129
Santacruz,19.0792887,72.8471185,12074909130
Chhatrapati Shivaji Maharaj International Airport - T1,19.093899,72.8535765,12074909131
Sahar Road,19.102196,72.8652361,12074909132
Masjid,18.9522949,72.8381771,12171122260
Mumbai CSMT,18.9404925,72.8357856,12176277888
Kharghar,19.0258415,73.0593001,12189351682
Seawoods,19.0218192,73.0191588,12189351683
Jogeshwari (Harbour Line),19.1411537,72.8494209,12189351698
Jogeshwari (Western Line),19.1361144,72.848936,12189363305
Bangur Nagar,19.1624723,72.8348708,12196197980
Wetalwadi,18.9033252,75.1972693,12205185452
Amalner Bhandyache,18.9325476,75.3306717,12205185453
Kasba Peth कसबा पेठ,18.5213749,73.8596235,12211880200
Palasdhari Station,18.8531771,73.3508084,12560876347
Dadar,19.0236238,72.8392214,12855459845
Shitala Devi Mandir,19.0384641,72.8419646,12855459846
Dharavi,19.0462612,72.849741,12855459847
Acharya Atre Chowk,18.9978202,72.8177201,12857565154
Worli,19.0086057,72.8192741,12857565155
Siddhivinayak Temple,19.0158935,72.8309199,12857565156
Jagannath Shankar Sheth Metro,18.9699923,72.8211795,13192130534
Mahalaxmi,18.979467,72.8254006,13192130535
Science Centre,18.9908949,72.8213521,13192130536
Cuffe Parade,18.9135692,72.8207152,13207029317
Vidhan Bhavan,18.9247813,72.8254934,13207029318
Churchgate,18.9314946,72.8269394,13207029319
Hutatma Chowk,18.9341849,72.8325037,13207029320
Chhatrapati Shivaji Maharaj Terminus,18.9408329,72.831861,13207029322
Kalbadevi,18.946329,72.827193,13207029323
Girgaon,18.9521015,72.8222065,13207029324
Grant Road,18.9632181,72.8180437,13207029325
Mandale,19.0495916,72.9386612,13252985100
Shivaji Chowk (Chembur),19.0479383,72.9069806,13252997901
Deonar,19.0448332,72.917495,13252997906
Mankhurd,19.0492166,72.931231,13252997911
Antop Hill,19.0301805,72.8669504,13284781018
Nagpur Junction railway station,21.1523731,79.0882365,13360738966
Daund Junction Chord Line,18.4667083,74.5526912,13360802101
Nagbhir Junction,20.5800541,79.7001967,13495988512
District Court (Pink Line),18.5283279,73.856089,13570390374
Talegaon Railway Station,18.7367437,73.6705457,13629225866
Yervada Metro Station,18.5452779,73.8865332,13640037581
Shivaji Nagar Railway Station,18.5323977,73.8513848,13640060834
District Court Metro Station,18.5267131,73.8575691,13640104325
Khadki,18.5622619,73.8420825,13644302877
Akurdi Railway Station,18.6482198,73.7648994,13644823988
Savitribal Phule Pune University,18.5423466,73.8271729,13647113362
YASHADA,18.5463251,73.8196654,13647113363
Krushi Anusandhan,18.5502692,73.808227,13647113364
Baner,18.5549643,73.7979381,13647113365
Baner Gaon,18.5591961,73.7905982,13647113366
Balewadi Phata,18.5641859,73.7797665,13647113367
High Street,18.570512,73.7748382,13647113368
NICMAR,18.5750336,73.7660624,13647113369
Jakat Naka,18.5909665,73.7463002,13647113373
Hinjawadi,18.5923946,73.7373573,13647113374
Bhakti Shakti,18.6625606,73.7745745,13647412351
Nigdi,18.6583986,73.778398,13647412352
Akurdi,18.65116,73.7847467,13647412354
Chinchwad,18.6391732,73.7949314,13647412355
Hadapsar,18.5036702,73.9227746,13661267088
Dahisar (East) [Line 9],19.2510803,72.8674521,13758670735
Pandurang Wadi,19.2597264,72.8724859,13758670736
Miragaon,19.2710068,72.8806976,13758670737
Kashigaon,19.2776661,72.8802398,13758670740
Pendhar,19.0722115,73.0978436,14078180443
SBI-Dadar Metro,19.0246547,72.839928,14144295508
